{
  "chinese": "chinese",
  "chines": "chinese",
  "veggie": "vegetarian",
  "vegg": "vegetarian",
  "<300": "lesser than 300",
  "less 300": "lesser than 300",
  "less than 300": "lesser than 300",
  "lower 300": "lesser than 300",
  "300 or less": "lesser than 300",
  "bw 300 and 700": "between 300 to 700",
  "300-700": "between 300 to 700",
  "bw 300 & 700": "between 300 to 700",
  "btw 300-700": "between 300 to 700",
  ">700": "more than 700",
  "mt 700": "more than 700",
  "dilli": "delhi",
  "new delhi": "delhi",
  "bombay": "mumbai",
  "bengaluru": "bangalore",
  "calcutta": "kolkata",
  "kormangala": "kolkata",
  " delhi": "delhi",
  "mexican": "mexican",
  "ooty": "ooty",
  "ptnnseha": "Delhi",
  "le": "british",
  "": "4",
  "cafes": "cafe",
  "xyz@sth.edu": "xyz@gmail.com",
  "between 300-700": "between 300 to 700"
}