{"py/object": "rasa_core.featurizers.MaxHistoryTrackerFeaturizer", "max_history": 5, "remove_duplicates": true, "state_featurizer": {"py/object": "rasa_core.featurizers.BinarySingleStateFeaturizer", "input_state_map": {"entity_cuisine": 7, "entity_email": 8, "entity_location": 6, "entity_price": 9, "intent_affirm": 1, "intent_deny": 2, "intent_goodbye": 3, "intent_greet": 0, "intent_restaurant_search": 5, "intent_thankyou": 4, "prev_action_check_location": 39, "prev_action_default_fallback": 26, "prev_action_listen": 24, "prev_action_restart": 25, "prev_action_restaurant": 37, "prev_email_restaurant_details": 38, "prev_utter_ask_cuisine": 32, "prev_utter_ask_howcanhelp": 30, "prev_utter_ask_location": 31, "prev_utter_ask_mail": 33, "prev_utter_ask_price": 35, "prev_utter_ask_whethermail": 34, "prev_utter_default": 29, "prev_utter_final_bye": 36, "prev_utter_foodie_not_working": 41, "prev_utter_goodbye": 28, "prev_utter_greet": 27, "prev_utter_location_notfound": 40, "slot_cuisine_0": 10, "slot_cuisine_1": 11, "slot_cuisine_2": 12, "slot_cuisine_3": 13, "slot_cuisine_4": 14, "slot_cuisine_5": 15, "slot_email_0": 16, "slot_location_0": 17, "slot_location_found_0": 18, "slot_location_found_1": 19, "slot_location_found_2": 20, "slot_price_0": 21, "slot_price_1": 22, "slot_price_2": 23}, "num_features": 42, "slot_feature_len": 14, "user_feature_len": 10}, "use_intent_probabilities": false}